{"stats":{"minecraft:crafted":{"minecraft:cooked_beef":8,"minecraft:oak_planks":76,"minecraft:crafting_table":1,"minecraft:wooden_pickaxe":1,"minecraft:air":0,"minecraft:jungle_planks":328,"minecraft:stick":4,"minecraft:wooden_axe":2,"minecraft:sandstone":5},"minecraft:killed":{"irons_spellbooks:summoned_zombie":1,"irons_spellbooks:necromancer":1,"minecraft:skeleton":3},"minecraft:used":{"minecraft:iron_bars":1,"minecraft:amethyst_block":4,"born_in_chaos_v1:ethereal_spirit":6,"minecraft:oak_planks":77,"minecraft:wooden_pickaxe":24,"minecraft:sandstone":6,"minecraft:iron_sword":14,"minecraft:rotten_flesh":13,"minecraft:dirt":7,"minecraft:sand":35,"minecraft:crafting_table":1,"minecraft:mushroom_stew":2,"minecraft:jungle_planks":299,"minecraft:crossbow":5,"minecraft:white_bed":3,"minecraft:small_amethyst_bud":1,"minecraft:jungle_sapling":1,"born_in_chaos_v1:corpse_maggot":4,"minecraft:wooden_axe":126,"minecraft:apple":1,"myceliummire:mushroom_vine":1,"minecraft:jungle_log":6,"minecraft:budding_amethyst":2,"minecraft:mud_bricks":1,"minecraft:bow":18,"minecraft:poisonous_potato":1,"tombstone:gift":1,"alexsmobs:animal_dictionary":2,"minecraft:cooked_beef":8},"minecraft:dropped":{"minecraft:kelp":2,"minecraft:wheat_seeds":1,"minecraft:lever":1,"minecraft:cooked_beef":6,"minecraft:raw_copper":1,"minecraft:bowl":1,"minecraft:spore_blossom":1,"myceliummire:mushroom_vine":3,"minecraft:jungle_planks":30,"minecraft:white_bed":1,"bossominium:the_bossdexium":1,"tombstone:bag_of_seeds":1,"minecraft:mud_bricks":2,"minecraft:iron_trapdoor":1,"aether:iron_pendant":1,"tombstone:magic_scroll":1,"born_in_chaos_v1:fused_bone":2,"minecraft:mud_brick_stairs":5,"minecraft:jungle_sapling":1,"minecraft:bow":2,"myceliummire:purple_mushroom_stem":1,"minecraft:string":1},"minecraft:custom":{"minecraft:interact_with_furnace":16,"minecraft:mob_kills":6,"minecraft:interact_with_crafting_table":4,"minecraft:interact_with_campfire":4,"minecraft:leave_game":2,"minecraft:time_since_death":7806,"minecraft:sleep_in_bed":1,"minecraft:climb_one_cm":994,"minecraft:time_since_rest":7099,"minecraft:sprint_one_cm":107892,"minecraft:damage_taken":2215,"minecraft:walk_one_cm":92491,"tombstone:sneak_grave":3,"minecraft:drop":33,"minecraft:damage_dealt":792,"minecraft:swim_one_cm":10350,"minecraft:fly_one_cm":197104,"minecraft:open_chest":12,"minecraft:crouch_one_cm":29151,"minecraft:play_time":53952,"tombstone:undead_killed":5,"minecraft:deaths":4,"minecraft:sneak_time":11028,"minecraft:walk_under_water_one_cm":4869,"minecraft:jump":1082,"minecraft:walk_on_water_one_cm":6950,"minecraft:total_world_time":53952,"minecraft:fall_one_cm":28855},"minecraft:picked_up":{"born_in_chaos_v1:fused_bone":2,"born_in_chaos_v1:corpse_maggot":4,"minecraft:charcoal":6,"minecraft:mud_bricks":5,"minecraft:cooked_beef":6,"minecraft:iron_trapdoor":1,"minecraft:jungle_log":88,"minecraft:mud_brick_stairs":6,"minecraft:birch_planks":4,"minecraft:mushroom_stew":5,"minecraft:oak_log":19,"minecraft:amethyst_block":1,"minecraft:string":1,"minecraft:dirt":7,"minecraft:raw_copper":1,"minecraft:bone":2,"minecraft:apple":1,"minecraft:kelp":2,"minecraft:wheat_seeds":2,"minecraft:spore_blossom":1,"minecraft:beef":12,"tombstone:bag_of_seeds":1,"minecraft:jungle_sapling":2,"minecraft:moss_block":1,"minecraft:mangrove_planks":5,"minecraft:oak_planks":1,"minecraft:iron_sword":2,"aether:iron_pendant":1,"minecraft:stick":2,"minecraft:bowl":1,"born_in_chaos_v1:ethereal_spirit":1,"minecraft:poisonous_potato":1,"minecraft:sand":55,"minecraft:jungle_planks":7,"tombstone:grave_dust":2,"minecraft:white_bed":4,"myceliummire:mushroom_vine":5,"minecraft:arrow":8,"minecraft:rotten_flesh":13,"minecraft:lever":1,"myceliummire:purple_mushroom_stem":1,"tombstone:magic_scroll":1,"minecraft:oak_sapling":3,"minecraft:iron_bars":2,"minecraft:coal":3,"minecraft:cobblestone":14},"minecraft:killed_by":{"born_in_chaos_v1:bonescaller":1,"minecraft:skeleton":1,"the_mangle:the_mangle":1},"minecraft:mined":{"minecraft:white_bed":3,"myceliummire:mushroom_vine":1,"minecraft:mud_brick_stairs":1,"minecraft:jungle_planks":7,"minecraft:jungle_log":97,"minecraft:campfire":3,"minecraft:glass":1,"minecraft:tall_grass":2,"minecraft:deepslate_coal_ore":1,"minecraft:moss_block":1,"minecraft:mud_bricks":3,"minecraft:oak_planks":1,"minecraft:spawner":1,"minecraft:grass":2,"minecraft:mycelium":3,"minecraft:oak_log":21,"minecraft:coal_ore":2,"minecraft:vine":7,"minecraft:iron_bars":2,"minecraft:sand":44,"minecraft:dirt":2,"minecraft:cobweb":1,"minecraft:stone":12,"minecraft:iron_trapdoor":1},"minecraft:broken":{"minecraft:wooden_axe":2}},"DataVersion":3120}