{"stats":{"minecraft:killed":{"irons_spellbooks:summoned_zombie":1,"minecraft:witch":1,"born_in_chaos_v1:restless_spirit":1,"myceliummire:puffshroom":1,"minecraft:spider":1,"minecraft:skeleton":24,"orcz:orcsavagemace":1,"minecraft:magma_cube":5,"minecraft:pig":2,"irons_spellbooks:necromancer":1,"minecraft:sheep":18,"minecraft:zombie":1,"born_in_chaos_v1:corpse_fly":13,"orcz:bigorcboss":1},"minecraft:mined":{"minecraft:tuff":2,"minecraft:white_bed":11,"minecraft:mossy_cobblestone":3,"myceliummire:mushroom_vine":1,"minecraft:grass_block":1,"minecraft:jungle_planks":7,"minecraft:jungle_log":100,"minecraft:brown_mushroom_block":7,"minecraft:mud_bricks":3,"minecraft:moss_block":2,"minecraft:spawner":3,"minecraft:large_fern":1,"minecraft:iron_ore":25,"minecraft:fire":9,"minecraft:cobbled_deepslate":3,"myceliummire:cagefiungus":1,"minecraft:deepslate_iron_ore":8,"minecraft:vine":7,"minecraft:iron_bars":2,"minecraft:lantern":2,"minecraft:light_gray_concrete":23,"dynamictrees:mangrove_leaves":2,"myceliummire:brown_mushroom_cluster":1,"minecraft:stone":15,"minecraft:spruce_slab":1,"minecraft:tripwire":1,"minecraft:scaffolding":46,"minecraft:gray_concrete":11,"minecraft:acacia_leaves":2,"minecraft:chiseled_quartz_block":2,"minecraft:crafting_table":5,"minecraft:mud_brick_stairs":1,"minecraft:chest":2,"minecraft:campfire":3,"minecraft:mushroom_stem":5,"minecraft:tall_grass":9,"minecraft:glass":1,"minecraft:deepslate_coal_ore":1,"minecraft:cobblestone":7,"dynamictrees:mangrove_branch":7,"minecraft:oak_planks":1,"minecraft:air":14,"minecraft:stone_brick_stairs":4,"minecraft:grass":31,"minecraft:coal_ore":2,"minecraft:oak_log":24,"minecraft:mycelium":3,"minecraft:smooth_quartz":12,"minecraft:sand":44,"minecraft:dirt":4,"minecraft:cobweb":13,"minecraft:tripwire_hook":2,"minecraft:red_mushroom_block":2,"minecraft:oak_leaves":7,"minecraft:iron_trapdoor":1,"minecraft:fern":3},"minecraft:used":{"minecraft:moss_block":1,"minecraft:iron_bars":2,"minecraft:flint_and_steel":9,"born_in_chaos_v1:ethereal_spirit":6,"minecraft:ladder":2,"minecraft:chest":1,"minecraft:shield":3,"minecraft:iron_sword":420,"minecraft:rotten_flesh":17,"minecraft:dirt":10,"minecraft:mutton":20,"minecraft:jungle_planks":299,"minecraft:mud_brick_stairs":1,"minecraft:jungle_sapling":1,"born_in_chaos_v1:corpse_maggot":23,"minecraft:wooden_axe":156,"minecraft:jungle_log":6,"minecraft:smooth_quartz":7,"minecraft:mud_bricks":3,"minecraft:stone_brick_stairs":2,"minecraft:red_carpet":2,"minecraft:bow":27,"minecraft:scaffolding":51,"minecraft:skeleton_skull":2,"minecraft:egg":1,"tombstone:gift":6,"minecraft:cooked_beef":8,"minecraft:cobbled_deepslate":19,"minecraft:cooked_mutton":8,"minecraft:amethyst_block":4,"minecraft:oak_planks":91,"minecraft:stone_pickaxe":37,"minecraft:mangrove_planks":4,"minecraft:wooden_pickaxe":62,"minecraft:sandstone":6,"minecraft:jungle_boat":1,"minecraft:salmon":1,"minecraft:sand":36,"minecraft:mossy_cobblestone":1,"minecraft:mushroom_stew":6,"minecraft:crafting_table":8,"myceliummire:purpleshroom":3,"minecraft:crossbow":15,"minecraft:white_bed":13,"minecraft:chiseled_quartz_block":2,"minecraft:cod":1,"minecraft:gray_concrete":11,"minecraft:small_amethyst_bud":1,"tombstone:bag_of_seeds":1,"minecraft:apple":24,"myceliummire:mushroom_vine":1,"minecraft:light_gray_concrete":20,"minecraft:bread":1,"minecraft:budding_amethyst":2,"minecraft:cobblestone":16,"minecraft:porkchop":3,"minecraft:poisonous_potato":1,"mining_helmet:mining_helmet":1,"minecraft:oak_boat":2,"alexsmobs:animal_dictionary":2,"minecraft:golden_pickaxe":53,"minecraft:gray_wool":2},"minecraft:picked_up":{"minecraft:wooden_axe":1,"minecraft:charcoal":6,"minecraft:crafting_table":5,"minecraft:iron_trapdoor":1,"minecraft:ladder":3,"minecraft:oak_stairs":2,"minecraft:enchanted_book":1,"minecraft:stone_brick_stairs":4,"minecraft:golden_sword":1,"minecraft:amethyst_block":1,"minecraft:music_disc_cat":1,"minecraft:string":15,"minecraft:raw_copper":1,"alexsmobs:ancient_dart":2,"myceliummire:bomb_vine":16,"minecraft:cobbled_deepslate":3,"minecraft:beef":12,"minecraft:oak_boat":1,"minecraft:jungle_sapling":2,"minecraft:smooth_quartz":12,"minecraft:spruce_slab":1,"minecraft:sugar_cane":1,"minecraft:chest":2,"minecraft:mangrove_log":8,"aether:iron_pendant":1,"minecraft:egg":1,"minecraft:raw_iron":33,"dynamictrees:mangrove_seed":2,"minecraft:stick":20,"minecraft:oak_fence":1,"minecraft:bowl":2,"minecraft:amethyst_cluster":2,"minecraft:porkchop":3,"orcz:orchorn":1,"tombstone:grave_dust":4,"minecraft:arrow":32,"minecraft:rotten_flesh":17,"minecraft:mutton":28,"myceliummire:brown_mushroom_cluster":1,"minecraft:iron_bars":2,"minecraft:cod":1,"minecraft:white_wool":14,"minecraft:cobblestone":27,"born_in_chaos_v1:fused_bone":2,"born_in_chaos_v1:corpse_maggot":23,"minecraft:mud_bricks":5,"minecraft:jungle_log":91,"minecraft:cooked_beef":6,"orcz:orcteeth":10,"iceandfire:sea_serpent_fang":4,"minecraft:tripwire_hook":2,"minecraft:medium_amethyst_bud":2,"minecraft:salmon":1,"minecraft:leather":7,"minecraft:chiseled_quartz_block":2,"minecraft:mud_brick_stairs":6,"minecraft:birch_planks":4,"minecraft:mushroom_stew":6,"minecraft:tuff":2,"minecraft:oak_log":22,"minecraft:gray_concrete":11,"minecraft:dirt":10,"minecraft:lantern":2,"myceliummire:blueshroom":34,"minecraft:name_tag":1,"minecraft:cooked_mutton":4,"minecraft:red_carpet":2,"minecraft:bone":18,"minecraft:apple":24,"minecraft:kelp":2,"minecraft:large_amethyst_bud":1,"minecraft:wheat_seeds":12,"minecraft:spore_blossom":1,"minecraft:iron_ingot":4,"tombstone:bag_of_seeds":2,"minecraft:glass_bottle":2,"orcz:big_bone_1":1,"minecraft:moss_block":2,"minecraft:mangrove_planks":5,"minecraft:iron_sword":2,"minecraft:oak_planks":17,"minecraft:scaffolding":108,"born_in_chaos_v1:ethereal_spirit":1,"minecraft:poisonous_potato":1,"minecraft:sand":56,"minecraft:jungle_planks":7,"minecraft:small_amethyst_bud":1,"minecraft:white_bed":14,"myceliummire:purpleshroom":4,"myceliummire:mushroom_vine":9,"minecraft:mossy_cobblestone":3,"minecraft:light_gray_concrete":22,"blue_skies:pine_fruit_seeds":2,"minecraft:lever":1,"myceliummire:cagefiungus":3,"minecraft:gray_wool":2,"myceliummire:purple_mushroom_stem":1,"tombstone:magic_scroll":1,"minecraft:oak_sapling":3,"orcz:orceye":1,"minecraft:black_wool":2,"minecraft:coal":3,"minecraft:ender_pearl":1},"minecraft:broken":{"minecraft:wooden_pickaxe":1,"minecraft:golden_pickaxe":1,"minecraft:wooden_axe":2},"minecraft:custom":{"minecraft:mob_kills":73,"minecraft:interact_with_crafting_table":51,"minecraft:open_barrel":10,"minecraft:interact_with_campfire":8,"minecraft:eat_cake_slice":1,"minecraft:leave_game":39,"minecraft:time_since_death":0,"minecraft:climb_one_cm":21466,"minecraft:sprint_one_cm":474669,"minecraft:walk_one_cm":306040,"minecraft:damage_blocked_by_shield":60,"minecraft:drop":103,"minecraft:play_time":232665,"minecraft:sneak_time":27263,"minecraft:deaths":16,"minecraft:walk_under_water_one_cm":20561,"minecraft:boat_one_cm":104490,"minecraft:jump":4645,"minecraft:walk_on_water_one_cm":24864,"minecraft:total_world_time":232665,"minecraft:interact_with_furnace":18,"tombstone:raider_killed":1,"minecraft:interact_with_grindstone":1,"minecraft:sleep_in_bed":10,"minecraft:time_since_rest":4985,"minecraft:damage_taken":7016,"minecraft:trigger_trapped_chest":1,"tombstone:sneak_grave":4,"minecraft:damage_dealt":11706,"minecraft:swim_one_cm":33937,"minecraft:fly_one_cm":914725,"minecraft:open_chest":56,"minecraft:crouch_one_cm":68874,"tombstone:undead_killed":28,"minecraft:fall_one_cm":124157},"minecraft:killed_by":{"minecraft:husk":1,"born_in_chaos_v1:nightmare_stalker":1,"iceandfire:cyclops":1,"born_in_chaos_v1:bonescaller":1,"minecraft:skeleton":3,"iceandfire:fire_dragon":5},"minecraft:crafted":{"minecraft:oak_planks":88,"minecraft:cooked_mutton":4,"minecraft:stone_pickaxe":1,"minecraft:cooked_beef":8,"minecraft:crafting_table":4,"minecraft:jungle_boat":1,"minecraft:wooden_pickaxe":1,"minecraft:golden_pickaxe":2,"minecraft:mangrove_planks":32,"minecraft:air":0,"minecraft:jungle_planks":340,"minecraft:oak_boat":1,"mining_helmet:mining_helmet":1,"minecraft:shield":1,"minecraft:stick":12,"minecraft:wooden_axe":2,"minecraft:sandstone":5,"minecraft:white_bed":1},"minecraft:dropped":{"minecraft:oak_slab":1,"myceliummire:purpleshroom":1,"minecraft:wheat_seeds":13,"minecraft:cooked_beef":6,"minecraft:large_amethyst_bud":1,"minecraft:spore_blossom":1,"orcz:big_bone_1":1,"minecraft:oak_fence":1,"iceandfire:chared_dirt":1,"minecraft:cobblestone":1,"minecraft:book":1,"minecraft:lantern":1,"minecraft:leather":3,"dynamictrees:mangrove_seed":1,"minecraft:jungle_planks":30,"minecraft:mangrove_planks":19,"bossominium:the_bossdexium":1,"orcz:orceye":1,"tombstone:bag_of_seeds":1,"minecraft:iron_trapdoor":1,"aether:iron_pendant":1,"tombstone:magic_scroll":1,"minecraft:wooden_axe":1,"minecraft:mud_brick_stairs":5,"born_in_chaos_v1:fused_bone":2,"myceliummire:blueshroom":34,"minecraft:jungle_sapling":1,"minecraft:oak_stairs":3,"minecraft:amethyst_shard":9,"myceliummire:bomb_vine":16,"iceandfire:ash":1,"myceliummire:purple_mushroom_stem":1,"myceliummire:cagefiungus":3,"minecraft:string":1,"minecraft:tripwire_hook":2,"minecraft:small_amethyst_bud":2,"minecraft:white_wool":3,"minecraft:music_disc_cat":2,"minecraft:kelp":2,"minecraft:lever":1,"alexsmobs:animal_dictionary":1,"minecraft:cobbled_deepslate":1,"minecraft:raw_copper":1,"minecraft:bowl":8,"minecraft:wheat":1,"myceliummire:mushroom_vine":8,"blue_skies:pine_fruit_seeds":3,"alexsmobs:ancient_dart":2,"minecraft:white_bed":2,"myceliummire:brown_mushroom_cluster":1,"minecraft:stone":13,"minecraft:mud_bricks":2,"orcz:orcteeth":5,"minecraft:oak_sapling":3,"minecraft:golden_sword":2,"minecraft:bow":2,"iceandfire:sea_serpent_fang":4,"minecraft:stone_brick_stairs":2,"minecraft:medium_amethyst_bud":2,"minecraft:amethyst_cluster":2,"orcz:orchorn":1}},"DataVersion":3120}