{"stats":{"minecraft:used":{"minecraft:wooden_sword":4,"minecraft:sand":14},"minecraft:killed":{"minecraft:spider":1},"minecraft:custom":{"minecraft:time_since_rest":2307,"minecraft:crouch_one_cm":42,"minecraft:play_time":5019,"minecraft:sprint_one_cm":11670,"minecraft:walk_one_cm":5403,"minecraft:damage_taken":710,"minecraft:deaths":2,"minecraft:sneak_time":166,"minecraft:mob_kills":1,"minecraft:drop":2,"minecraft:jump":124,"minecraft:damage_dealt":180,"minecraft:leave_game":1,"minecraft:time_since_death":2585,"minecraft:walk_on_water_one_cm":302,"minecraft:total_world_time":5019,"minecraft:swim_one_cm":5828,"minecraft:fall_one_cm":1463,"minecraft:fly_one_cm":66829},"minecraft:killed_by":{"born_in_chaos_v1:door_knight":1,"minecraft:creeper":1},"minecraft:picked_up":{"minecraft:sand":14,"minecraft:spider_eye":1,"minecraft:string":1},"minecraft:mined":{"minecraft:sand":1},"minecraft:dropped":{"minecraft:string":2}},"DataVersion":3120}