{"stats":{"minecraft:crafted":{"minecraft:wooden_sword":1,"minecraft:oak_planks":32,"minecraft:mushroom_stew":12,"minecraft:dark_oak_planks":8,"aether:iron_pendant":1,"minecraft:crafting_table":2,"minecraft:wooden_pickaxe":1,"minecraft:iron_sword":1,"minecraft:bowl":12,"minecraft:mangrove_planks":8,"minecraft:birch_planks":4,"minecraft:jungle_planks":48,"minecraft:stick":8,"minecraft:wooden_axe":2},"minecraft:killed":{"born_in_chaos_v1:restless_spirit":1,"born_in_chaos_v1:zombie_lumberjack":3,"minecraft:spider":3,"born_in_chaos_v1:siamese_skeletonsright":2,"born_in_chaos_v1:baby_skeleton_minion":4,"born_in_chaos_v1:maggot":3,"minecraft:skeleton":2,"born_in_chaos_v1:barrel_zombie":1,"born_in_chaos_v1:baby_skeleton":2,"born_in_chaos_v1:swarmer":1,"born_in_chaos_v1:decrepit_skeleton":2,"minecraft:zombie":1,"born_in_chaos_v1:corpse_fly":9,"born_in_chaos_v1:siamese_skeletonsleft":2},"minecraft:used":{"minecraft:iron_sword":99,"minecraft:dirt":11,"minecraft:jungle_planks":10,"born_in_chaos_v1:corpse_maggot":12,"minecraft:wooden_axe":26,"minecraft:mud_bricks":6,"minecraft:bow":1,"tombstone:gift":6,"minecraft:cooked_beef":4,"minecraft:amethyst_block":2,"minecraft:oak_planks":10,"minecraft:wooden_pickaxe":59,"minecraft:sand":31,"minecraft:crafting_table":3,"minecraft:mushroom_stew":2,"minecraft:white_bed":1,"myceliummire:mushroom_vine":1,"tombstone:magic_scroll":5,"minecraft:wooden_sword":57,"minecraft:cobblestone":30,"myceliummire:bomb_vine":8},"minecraft:dropped":{"minecraft:iron_sword":2,"minecraft:birch_planks":4,"minecraft:brown_mushroom":1,"minecraft:wheat_seeds":2,"minecraft:cooked_beef":1,"minecraft:oak_log":1,"minecraft:spore_blossom":2,"minecraft:cobblestone":26,"minecraft:jungle_planks":1,"minecraft:mangrove_planks":6,"minecraft:mushroom_stew":5,"tombstone:bag_of_seeds":1,"minecraft:iron_trapdoor":1,"aether:iron_pendant":1,"tombstone:magic_scroll":1,"minecraft:wooden_axe":3,"born_in_chaos_v1:fused_bone":2,"minecraft:mud_brick_stairs":5,"tombstone:grave_dust":2,"minecraft:wooden_sword":1,"minecraft:sand":1,"myceliummire:purple_mushroom_stem":2,"minecraft:string":2,"minecraft:dark_oak_planks":8,"minecraft:bone":2,"minecraft:kelp":4,"minecraft:lever":2,"minecraft:raw_copper":1,"born_in_chaos_v1:ethereal_spirit":1,"minecraft:rotten_flesh":29,"myceliummire:mushroom_vine":3,"minecraft:mud_bricks":4,"born_in_chaos_v1:corpse_maggot":5,"minecraft:bow":1,"minecraft:wooden_pickaxe":2},"minecraft:custom":{"minecraft:mob_kills":39,"minecraft:interact_with_anvil":1,"minecraft:inspect_hopper":1,"minecraft:interact_with_crafting_table":10,"minecraft:damage_dealt_resisted":140,"minecraft:leave_game":4,"minecraft:time_since_death":1419,"minecraft:climb_one_cm":1373,"minecraft:sprint_one_cm":212192,"minecraft:walk_one_cm":125003,"minecraft:drop":71,"minecraft:play_time":74140,"minecraft:deaths":15,"minecraft:sneak_time":4792,"minecraft:walk_under_water_one_cm":2036,"minecraft:jump":1388,"minecraft:walk_on_water_one_cm":9017,"minecraft:total_world_time":74140,"minecraft:interact_with_furnace":4,"minecraft:interact_with_grindstone":1,"minecraft:sleep_in_bed":1,"minecraft:time_since_rest":1110,"minecraft:damage_taken":4620,"minecraft:trigger_trapped_chest":1,"minecraft:damage_dealt":6058,"minecraft:swim_one_cm":25384,"minecraft:fly_one_cm":338411,"minecraft:open_chest":17,"minecraft:crouch_one_cm":10353,"tombstone:undead_killed":20,"minecraft:fall_one_cm":27533},"minecraft:picked_up":{"minecraft:wooden_axe":2,"irons_spellbooks:scroll":1,"minecraft:crafting_table":2,"minecraft:iron_trapdoor":1,"minecraft:brown_mushroom":1,"minecraft:wooden_pickaxe":2,"minecraft:amethyst_block":2,"minecraft:string":11,"minecraft:raw_copper":1,"myceliummire:bomb_vine":8,"minecraft:mangrove_log":2,"minecraft:furnace":2,"aether:iron_pendant":1,"minecraft:stick":5,"tombstone:grave_dust":4,"minecraft:dark_oak_planks":8,"minecraft:arrow":2,"minecraft:rotten_flesh":29,"minecraft:cobblestone":56,"born_in_chaos_v1:fused_bone":2,"minecraft:birch_log":1,"born_in_chaos_v1:corpse_maggot":19,"minecraft:mud_bricks":10,"minecraft:cooked_beef":5,"minecraft:jungle_log":12,"minecraft:mud_brick_stairs":5,"minecraft:oak_log":8,"minecraft:dirt":11,"minecraft:bone":14,"minecraft:apple":1,"minecraft:kelp":4,"minecraft:bow":3,"minecraft:wheat_seeds":2,"minecraft:spore_blossom":2,"minecraft:iron_ingot":3,"tombstone:bag_of_seeds":1,"minecraft:mangrove_planks":1,"born_in_chaos_v1:ethereal_spirit":1,"minecraft:sand":32,"minecraft:jungle_planks":36,"minecraft:white_bed":1,"minecraft:dark_oak_log":2,"myceliummire:mushroom_vine":4,"minecraft:spider_eye":1,"minecraft:lever":2,"tombstone:magic_scroll":3,"myceliummire:purple_mushroom_stem":2,"minecraft:coal":3},"minecraft:killed_by":{"born_in_chaos_v1:bloody_gadfly":2,"minecraft:creeper":2,"the_mangle:the_mangle":1,"irons_spellbooks:necromancer":1,"minecraft:skeleton":4,"born_in_chaos_v1:door_knight":1,"krampus:krampus":2},"minecraft:mined":{"minecraft:white_bed":1,"minecraft:jungle_leaves":2,"myceliummire:mushroom_vine":4,"minecraft:budding_amethyst":1,"minecraft:jungle_planks":5,"minecraft:jungle_log":12,"minecraft:brown_mushroom_block":5,"minecraft:mud_bricks":8,"minecraft:spore_blossom":1,"minecraft:furnace":2,"minecraft:vine":5,"myceliummire:bomb_vine":1,"minecraft:stone":32,"minecraft:clay":1,"minecraft:crafting_table":2,"minecraft:mud_brick_stairs":5,"minecraft:dead_bush":1,"minecraft:tall_grass":3,"minecraft:cobblestone":1,"minecraft:amethyst_block":3,"minecraft:grass":4,"myceliummire:purple_mushroom_stem":1,"minecraft:oak_log":7,"minecraft:coal_ore":3,"minecraft:mycelium":3,"minecraft:sand":19,"minecraft:dirt":10,"minecraft:cobweb":8,"minecraft:oak_leaves":1}},"DataVersion":3120}