{"stats":{"minecraft:killed":{"born_in_chaos_v1:zombie_lumberjack":3,"born_in_chaos_v1:restless_spirit":1,"minecraft:spider":4,"born_in_chaos_v1:siamese_skeletonsright":2,"born_in_chaos_v1:baby_skeleton_minion":5,"minecraft:skeleton":20,"born_in_chaos_v1:skeleton_thrasher":1,"born_in_chaos_v1:bonescaller":1,"minecraft:sheep":1,"minecraft:zombie":2,"born_in_chaos_v1:corpse_fly":15,"orcz:orcshield":1,"born_in_chaos_v1:siamese_skeletonsleft":2,"iceandfire:sea_serpent":1,"minecraft:cow":11,"born_in_chaos_v1:maggot":4,"born_in_chaos_v1:barrel_zombie":1,"minecraft:husk":2,"born_in_chaos_v1:baby_skeleton":2,"born_in_chaos_v1:swarmer":1,"born_in_chaos_v1:decrepit_skeleton":2,"minecraft:enderman":1},"minecraft:mined":{"minecraft:spruce_planks":6,"minecraft:white_bed":15,"minecraft:jungle_leaves":4,"minecraft:budding_amethyst":1,"minecraft:acacia_log":11,"minecraft:grass_block":83,"minecraft:jungle_log":12,"minecraft:mud_bricks":15,"minecraft:mud_brick_wall":1,"minecraft:spawner":1,"minecraft:iron_ore":55,"minecraft:fire":5,"minecraft:iron_bars":3,"myceliummire:bomb_vine":1,"minecraft:spruce_slab":1,"minecraft:red_bed":1,"minecraft:clay":2,"minecraft:torch":3,"minecraft:calcite":1,"minecraft:mud_brick_stairs":10,"minecraft:dead_bush":1,"minecraft:mushroom_stem":5,"minecraft:cobblestone":8,"minecraft:oak_planks":8,"minecraft:bricks":4,"minecraft:wall_torch":4,"minecraft:amethyst_block":3,"sorcerium:black_marble":8,"minecraft:grass":29,"minecraft:oak_log":20,"minecraft:sand":40,"minecraft:dirt":59,"minecraft:red_mushroom_block":4,"minecraft:oak_leaves":6,"minecraft:tuff":1,"minecraft:mossy_cobblestone":2,"myceliummire:mushroom_vine":4,"minecraft:dark_oak_log":1,"minecraft:ladder":2,"minecraft:jungle_planks":10,"minecraft:redstone_wire":1,"minecraft:brown_mushroom_block":5,"iceandfire:chared_dirt":1,"minecraft:moss_block":2,"iceandfire:chared_grass":1,"minecraft:hay_block":18,"minecraft:spore_blossom":1,"minecraft:furnace":2,"minecraft:gold_block":1,"minecraft:deepslate_iron_ore":8,"minecraft:vine":5,"minecraft:lantern":2,"minecraft:stone":125,"dynamictrees:acacia_branch":23,"minecraft:acacia_leaves":7,"minecraft:scaffolding":20,"minecraft:oak_fence":3,"minecraft:crafting_table":3,"minecraft:emerald_ore":2,"minecraft:campfire":3,"minecraft:tall_grass":8,"minecraft:air":4,"minecraft:coarse_dirt":1,"minecraft:gray_bed":2,"minecraft:jungle_fence":1,"iceandfire:ash":1,"minecraft:mangrove_planks":7,"myceliummire:purple_mushroom_stem":1,"minecraft:coal_ore":45,"minecraft:mycelium":6,"minecraft:gravel":3,"minecraft:cobweb":18,"minecraft:acacia_planks":1,"minecraft:chipped_anvil":1,"minecraft:fern":1},"minecraft:used":{"minecraft:moss_carpet":1,"minecraft:ladder":1,"minecraft:shield":1,"minecraft:stone":13,"minecraft:iron_sword":350,"minecraft:mutton":1,"minecraft:jungle_planks":54,"minecraft:acacia_sapling":1,"born_in_chaos_v1:corpse_maggot":13,"minecraft:lantern":3,"minecraft:red_carpet":5,"minecraft:bow":5,"minecraft:scaffolding":40,"minecraft:oak_sapling":2,"minecraft:gray_bed":2,"minecraft:potato":28,"orcz:orcskull":1,"minecraft:stone_pickaxe":84,"minecraft:mangrove_planks":26,"minecraft:oak_planks":53,"minecraft:wooden_pickaxe":122,"minecraft:golden_apple":3,"minecraft:white_wool":5,"minecraft:glow_berries":3,"minecraft:sand":44,"minecraft:mushroom_stew":13,"myceliummire:mushroom_vine":1,"minecraft:bread":28,"minecraft:gravel":2,"minecraft:diamond_sword":68,"minecraft:wooden_sword":57,"minecraft:coarse_dirt":1,"minecraft:oak_fence":1,"minecraft:spruce_planks":4,"minecraft:torch":8,"minecraft:dirt":94,"minecraft:wooden_axe":41,"minecraft:mud_bricks":6,"minecraft:beef":20,"tombstone:gift":8,"minecraft:cooked_beef":4,"minecraft:acacia_planks":20,"minecraft:cobbled_deepslate":1,"minecraft:golden_axe":36,"minecraft:water_bucket":17,"minecraft:amethyst_block":2,"minecraft:crafting_table":12,"minecraft:red_bed":1,"minecraft:white_bed":13,"minecraft:cornflower":1,"minecraft:apple":4,"minecraft:iron_pickaxe":120,"tombstone:magic_scroll":5,"iceandfire:ash":3,"minecraft:cobblestone":113,"myceliummire:bomb_vine":8,"iceandfire:chared_grass":1,"minecraft:bucket":17},"minecraft:picked_up":{"minecraft:wooden_axe":3,"irons_spellbooks:scroll":1,"minecraft:iron_trapdoor":1,"minecraft:oak_stairs":1,"minecraft:amethyst_block":2,"minecraft:string":22,"minecraft:raw_copper":1,"myceliummire:bomb_vine":13,"minecraft:gold_nugget":116,"minecraft:cobbled_deepslate":1,"minecraft:spruce_planks":6,"minecraft:calcite":2,"minecraft:iron_pickaxe":1,"minecraft:mangrove_log":2,"minecraft:furnace":2,"minecraft:stick":35,"born_in_chaos_v1:shattered_skull":1,"orcz:orcskull":1,"minecraft:oak_fence":3,"minecraft:torch":21,"minecraft:acacia_log":16,"tombstone:grave_dust":7,"minecraft:rotten_flesh":35,"minecraft:iron_bars":3,"minecraft:cobblestone":215,"minecraft:birch_log":1,"born_in_chaos_v1:staffof_magic_arrows":1,"minecraft:cooked_beef":5,"orcz:orcteeth":25,"minecraft:jungle_log":35,"minecraft:mud_brick_stairs":8,"minecraft:tuff":1,"minecraft:dirt":135,"minecraft:lantern":4,"myceliummire:blueshroom":25,"minecraft:bone":53,"minecraft:chipped_anvil":3,"minecraft:acacia_planks":1,"minecraft:bow":4,"minecraft:wheat_seeds":11,"orcz:big_bone_1":1,"minecraft:moss_block":1,"vampirism:armor_of_swiftness_feet_ultimate":1,"minecraft:oak_planks":42,"orcz:blue_orcshroom":1,"minecraft:jungle_planks":64,"minecraft:sand":56,"dynamictrees:acacia_seed":4,"minecraft:dark_oak_log":3,"myceliummire:mushroom_vine":5,"minecraft:mossy_cobblestone":2,"minecraft:bundle":1,"minecraft:diamond":12,"minecraft:lever":2,"minecraft:golden_apple":3,"minecraft:emerald":2,"minecraft:bread":8,"minecraft:oak_sapling":6,"orcz:ironscrap":6,"myceliummire:purple_mushroom_stem":2,"minecraft:crafting_table":3,"minecraft:charcoal":6,"minecraft:coarse_dirt":1,"minecraft:ladder":1,"minecraft:brown_mushroom":1,"minecraft:wooden_pickaxe":2,"minecraft:gold_block":2,"minecraft:cornflower":1,"minecraft:red_bed":1,"minecraft:moss_carpet":1,"minecraft:beef":40,"minecraft:iron_nugget":7,"minecraft:chest":1,"aether:iron_pendant":1,"minecraft:raw_iron":63,"minecraft:stone":13,"iceandfire:chared_grass":1,"minecraft:bowl":4,"orcz:orchorn":2,"born_in_chaos_v1:pieceofdarkmetal":2,"minecraft:redstone":1,"minecraft:dark_oak_planks":8,"minecraft:arrow":21,"iceandfire:chared_dirt":1,"minecraft:hay_block":17,"minecraft:mutton":1,"minecraft:white_wool":4,"born_in_chaos_v1:fused_bone":2,"born_in_chaos_v1:corpse_maggot":26,"minecraft:mud_bricks":12,"iceandfire:sea_serpent_fang":8,"minecraft:leather":9,"minecraft:red_mushroom":1,"minecraft:mushroom_stew":2,"minecraft:oak_log":22,"myceliummire:greenshroom":1,"tombstone:gift":1,"minecraft:red_carpet":9,"minecraft:apple":2,"minecraft:kelp":4,"minecraft:spore_blossom":2,"minecraft:iron_ingot":3,"minecraft:stone_pickaxe":1,"tombstone:bag_of_seeds":1,"minecraft:mangrove_planks":27,"minecraft:gray_bed":2,"minecraft:acacia_sapling":1,"minecraft:scaffolding":70,"iceandfire:ash":4,"born_in_chaos_v1:ethereal_spirit":1,"minecraft:gravel":2,"minecraft:mud_brick_wall":2,"minecraft:white_bed":16,"myceliummire:purpleshroom":2,"minecraft:spider_eye":1,"minecraft:leather_helmet":1,"minecraft:brick_slab":1,"dynamictrees:jungle_seed":1,"myceliummire:cagefiungus":1,"iceandfire:sea_serpent_scales_red":10,"tombstone:magic_scroll":3,"orcz:orceye":3,"minecraft:coal":45,"minecraft:ender_pearl":1},"minecraft:broken":{"minecraft:iron_leggings":1,"minecraft:iron_sword":1,"minecraft:wooden_pickaxe":2,"minecraft:golden_axe":1,"minecraft:leather_boots":1,"minecraft:iron_helmet":1},"minecraft:killed_by":{"born_in_chaos_v1:nightmare_stalker":3,"iceandfire:cyclops":1,"minecraft:creeper":2,"minecraft:drowned":1,"mythicmounts:dragon":1,"orcz:orcsavageweird":1,"iceandfire:fire_dragon":16,"minecraft:husk":6,"born_in_chaos_v1:bloody_gadfly":2,"irons_spellbooks:necromancer":1,"minecraft:skeleton":6,"born_in_chaos_v1:door_knight":1},"minecraft:custom":{"minecraft:interact_with_crafting_table":55,"minecraft:open_barrel":39,"minecraft:bell_ring":2,"minecraft:leave_game":8,"minecraft:time_since_death":2645,"minecraft:sprint_one_cm":941447,"minecraft:damage_blocked_by_shield":80,"minecraft:drop":225,"minecraft:talked_to_villager":7,"minecraft:play_time":304136,"minecraft:deaths":48,"minecraft:jump":6248,"minecraft:interact_with_brewingstand":5,"minecraft:walk_on_water_one_cm":49523,"minecraft:interact_with_furnace":12,"minecraft:sleep_in_bed":8,"tombstone:sneak_grave":2,"minecraft:damage_dealt":15227,"minecraft:crouch_one_cm":32157,"tombstone:undead_killed":44,"minecraft:mob_kills":87,"minecraft:interact_with_anvil":1,"minecraft:inspect_hopper":2,"minecraft:damage_dealt_resisted":459,"minecraft:climb_one_cm":29805,"minecraft:walk_one_cm":418575,"minecraft:sneak_time":20483,"minecraft:walk_under_water_one_cm":32922,"minecraft:total_world_time":304136,"minecraft:interact_with_grindstone":2,"minecraft:time_since_rest":2299,"minecraft:damage_taken":15573,"minecraft:damage_absorbed":120,"minecraft:trigger_trapped_chest":3,"minecraft:swim_one_cm":108071,"minecraft:fly_one_cm":1450082,"minecraft:open_chest":129,"minecraft:fall_one_cm":123930},"minecraft:crafted":{"minecraft:oak_planks":104,"minecraft:chest":1,"sophisticatedbackpacks:backpack":1,"minecraft:crafting_table":9,"minecraft:wooden_pickaxe":2,"minecraft:iron_helmet":1,"minecraft:gold_block":3,"minecraft:birch_planks":4,"orcz:scrapblock":1,"mining_helmet:mining_helmet":1,"minecraft:shield":1,"minecraft:stick":12,"minecraft:iron_ingot":5,"minecraft:iron_pickaxe":1,"minecraft:iron_block":3,"minecraft:gold_ingot":58,"minecraft:wooden_sword":1,"minecraft:mushroom_stew":20,"minecraft:stone_pickaxe":1,"minecraft:dark_oak_planks":12,"aether:iron_pendant":1,"minecraft:wheat":153,"minecraft:diamond_sword":1,"minecraft:iron_sword":1,"minecraft:bowl":12,"minecraft:mangrove_planks":8,"minecraft:bucket":1,"minecraft:bread":51,"minecraft:jungle_planks":140,"minecraft:golden_apple":4,"minecraft:wooden_axe":2,"minecraft:iron_leggings":1,"minecraft:torch":4,"minecraft:acacia_planks":64},"minecraft:dropped":{"minecraft:iron_sword":3,"minecraft:moss_block":1,"minecraft:brown_mushroom":1,"minecraft:birch_planks":4,"minecraft:cooked_beef":1,"minecraft:oak_log":1,"minecraft:ender_pearl":1,"minecraft:spore_blossom":2,"orcz:big_bone_1":5,"orcz:blue_orcshroom":1,"minecraft:leather":7,"minecraft:jungle_planks":25,"minecraft:mangrove_planks":6,"minecraft:leather_helmet":1,"minecraft:red_carpet":4,"minecraft:flint":1,"orcz:orceye":3,"dynamictrees:jungle_seed":1,"minecraft:dirt":11,"tombstone:bag_of_seeds":1,"aether:iron_pendant":1,"myceliummire:blueshroom":16,"minecraft:chain":3,"minecraft:wooden_sword":1,"minecraft:sand":12,"myceliummire:purple_mushroom_stem":2,"minecraft:iron_pickaxe":1,"minecraft:dark_oak_planks":8,"minecraft:white_wool":5,"minecraft:bone":61,"minecraft:lever":2,"minecraft:iron_nugget":7,"born_in_chaos_v1:ethereal_spirit":1,"minecraft:rotten_flesh":34,"myceliummire:mushroom_vine":4,"minecraft:oak_planks":50,"minecraft:white_bed":3,"myceliummire:greenshroom":1,"vampirism:vampire_fang":1,"minecraft:charcoal":6,"born_in_chaos_v1:corpse_maggot":13,"minecraft:iron_bars":3,"minecraft:beef":20,"vampirism:item_garlic":1,"minecraft:enchanted_book":1,"minecraft:iron_ingot":5,"minecraft:bread":8,"vampirism:armor_of_swiftness_feet_ultimate":1,"myceliummire:purpleshroom":2,"born_in_chaos_v1:shattered_skull":1,"minecraft:wheat_seeds":12,"minecraft:mossy_cobblestone":2,"minecraft:oak_fence":2,"orcz:scrapblock":1,"minecraft:cobblestone":95,"minecraft:book":3,"minecraft:apple":23,"minecraft:golden_apple":3,"minecraft:mushroom_stew":9,"minecraft:stick":6,"minecraft:mud_brick_wall":1,"minecraft:iron_trapdoor":1,"tombstone:magic_scroll":1,"minecraft:torch":12,"tombstone:grave_key":1,"minecraft:wooden_axe":5,"born_in_chaos_v1:fused_bone":2,"minecraft:mud_brick_stairs":6,"minecraft:fire_charge":1,"tombstone:grave_dust":2,"myceliummire:bomb_vine":5,"orcz:bone_1deco":2,"myceliummire:cagefiungus":1,"minecraft:chipped_anvil":2,"minecraft:string":14,"dynamictrees:acacia_seed":4,"minecraft:redstone":2,"minecraft:kelp":4,"minecraft:raw_copper":1,"minecraft:bowl":9,"minecraft:tuff":1,"alexsmobs:ancient_dart":1,"minecraft:name_tag":2,"orcz:ironscrap":10,"minecraft:mud_bricks":6,"orcz:orcteeth":25,"minecraft:oak_sapling":4,"minecraft:golden_sword":1,"minecraft:bow":5,"minecraft:stone_pickaxe":2,"minecraft:wooden_pickaxe":2,"iceandfire:sea_serpent_fang":4,"minecraft:calcite":2,"minecraft:brick_slab":1,"orcz:orchorn":2}},"DataVersion":3120}