{"stats":{"minecraft:used":{"minecraft:iron_sword":3,"minecraft:wooden_sword":57,"minecraft:sand":29,"minecraft:crafting_table":1},"minecraft:custom":{"minecraft:time_since_rest":602,"minecraft:sprint_one_cm":32396,"minecraft:damage_taken":1230,"minecraft:walk_one_cm":18221,"minecraft:mob_kills":11,"minecraft:drop":17,"minecraft:damage_dealt":2142,"minecraft:swim_one_cm":5828,"minecraft:interact_with_crafting_table":5,"minecraft:fly_one_cm":103981,"minecraft:crouch_one_cm":463,"minecraft:play_time":20351,"tombstone:undead_killed":7,"minecraft:deaths":4,"minecraft:sneak_time":516,"minecraft:jump":351,"minecraft:leave_game":2,"minecraft:time_since_death":688,"minecraft:walk_on_water_one_cm":400,"minecraft:total_world_time":20351,"minecraft:climb_one_cm":1373,"minecraft:fall_one_cm":4718},"minecraft:dropped":{"minecraft:wooden_axe":1,"tombstone:grave_dust":2,"minecraft:rotten_flesh":16,"minecraft:wooden_sword":1,"minecraft:sand":1,"minecraft:mangrove_planks":1,"minecraft:string":2,"minecraft:bone":2},"minecraft:picked_up":{"minecraft:wooden_axe":1,"minecraft:birch_log":1,"minecraft:jungle_log":2,"minecraft:sand":32,"minecraft:oak_log":2,"tombstone:grave_dust":4,"minecraft:dark_oak_log":2,"minecraft:spider_eye":1,"minecraft:string":2,"minecraft:bone":9,"minecraft:rotten_flesh":26,"minecraft:iron_ingot":3,"tombstone:magic_scroll":1,"minecraft:mangrove_planks":1,"minecraft:mangrove_log":2},"minecraft:mined":{"minecraft:grass":1,"minecraft:vine":1,"minecraft:oak_log":1,"minecraft:jungle_log":2,"minecraft:sand":19,"minecraft:oak_leaves":1},"minecraft:crafted":{"minecraft:wooden_sword":1,"minecraft:oak_planks":8,"minecraft:crafting_table":1,"minecraft:stick":4,"minecraft:wooden_axe":1,"minecraft:iron_sword":1,"minecraft:mangrove_planks":8,"minecraft:dark_oak_planks":8,"minecraft:birch_planks":4,"minecraft:jungle_planks":8},"minecraft:killed":{"minecraft:zombie":1,"born_in_chaos_v1:zombie_lumberjack":3,"born_in_chaos_v1:baby_skeleton":1,"minecraft:spider":2,"born_in_chaos_v1:maggot":2,"born_in_chaos_v1:decrepit_skeleton":2},"minecraft:killed_by":{"jacky:jacky":1,"the_mangle:the_mangle":1,"born_in_chaos_v1:door_knight":1,"minecraft:creeper":1}},"DataVersion":3120}